game_id,game_datetime,game_date,game_type,status,away_name,home_name,away_id,home_id,doubleheader,game_num,home_probable_pitcher,away_probable_pitcher,home_pitcher_note,away_pitcher_note,away_score,home_score,current_inning,inning_state,venue_id,venue_name,national_broadcasts,series_status,winning_team,losing_team,winning_pitcher,losing_pitcher,save_pitcher,summary
744932,2024-06-01T19:07:00Z,2024-06-01,R,Final,Pittsburgh Pirates,Toronto Blue Jays,134,141,N,1,Yusei Kikuchi,Mitch Keller,,,8,1,9,Bottom,14,Rogers Centre,[],Series tied 1-1,Pittsburgh Pirates,Toronto Blue Jays,Mitch Keller,Yusei Kikuchi,Luis Ortiz,2024-06-01 - Pittsburgh Pirates (8) @ Toronto Blue Jays (1) (Final)
747029,2024-06-01T20:05:00Z,2024-06-01,R,Final,Tampa Bay Rays,Baltimore Orioles,139,110,N,1,Kyle Bradish,Taj Bradley,,,5,9,9,Top,2,Oriole Park at Camden Yards,['MLB.tv Free Game'],BAL wins 2-0,Baltimore Orioles,Tampa Bay Rays,Jacob Webb,Taj Bradley,,2024-06-01 - Tampa Bay Rays (5) @ Baltimore Orioles (9) (Final)
746952,2024-06-01T20:10:00Z,2024-06-01,R,Final,Detroit Tigers,Boston Red Sox,116,111,N,1,Cooper Criswell,Reese Olson,,,3,6,9,Top,3,Fenway Park,[],BOS leads 2-1,Boston Red Sox,Detroit Tigers,Cooper Criswell,Reese Olson,,2024-06-01 - Detroit Tigers (3) @ Boston Red Sox (6) (Final)
746629,2024-06-01T20:10:00Z,2024-06-01,R,Final,Washington Nationals,Cleveland Guardians,120,114,N,1,Ben Lively,Mitchell Parker,,,2,3,9,Top,5,Progressive Field,[],CLE wins 2-0,Cleveland Guardians,Washington Nationals,Ben Lively,Mitchell Parker,Emmanuel Clase,2024-06-01 - Washington Nationals (2) @ Cleveland Guardians (3) (Final)
745812,2024-06-01T20:10:00Z,2024-06-01,R,Final,Arizona Diamondbacks,New York Mets,109,121,N,1,Sean Manaea,Slade Cecconi,,,10,5,9,Bottom,3289,Citi Field,['MLBN (out-of-market only)'],NYM leads 2-1,Arizona Diamondbacks,New York Mets,Kevin Ginkel,Sean Manaea,,2024-06-01 - Arizona Diamondbacks (10) @ New York Mets (5) (Final)
746305,2024-06-01T20:10:00Z,2024-06-01,R,Final,San Diego Padres,Kansas City Royals,135,118,N,1,Alec Marsh,Randy Vásquez,,,7,3,9,Bottom,7,Kauffman Stadium,[],SD wins 2-0,San Diego Padres,Kansas City Royals,Randy Vásquez,Alec Marsh,,2024-06-01 - San Diego Padres (7) @ Kansas City Royals (3) (Final)
746384,2024-06-01T20:10:00Z,2024-06-01,R,Final,Minnesota Twins,Houston Astros,142,117,N,1,Framber Valdez,Joe Ryan,,,2,5,9,Top,2392,Minute Maid Park,['MLBN (out-of-market only)'],Series tied 1-1,Houston Astros,Minnesota Twins,Framber Valdez,Joe Ryan,Josh Hader,2024-06-01 - Minnesota Twins (2) @ Houston Astros (5) (Final)
747111,2024-06-01T20:10:00Z,2024-06-01,R,Final,Oakland Athletics,Atlanta Braves,133,144,N,1,Chris Sale,Aaron Brooks,,,11,9,9,Bottom,4705,Truist Park,[],Series tied 1-1,Oakland Athletics,Atlanta Braves,Michael Kelly,Jimmy Herget,Dany Jiménez,2024-06-01 - Oakland Athletics (11) @ Atlanta Braves (9) (Final)
746062,2024-06-01T20:10:00Z,2024-06-01,R,Final,Texas Rangers,Miami Marlins,140,146,N,1,Ryan Weathers,Michael Lorenzen,,,7,0,9,Bottom,4169,loanDepot park,[],Series tied 1-1,Texas Rangers,Miami Marlins,Michael Lorenzen,Ryan Weathers,,2024-06-01 - Texas Rangers (7) @ Miami Marlins (0) (Final)
745980,2024-06-01T20:10:00Z,2024-06-01,R,Final,Chicago White Sox,Milwaukee Brewers,145,158,N,1,Robert Gasser,Garrett Crochet,,,3,4,10,Bottom,32,American Family Field,[],MIL wins 2-0,Milwaukee Brewers,Chicago White Sox,Hoby Milner,Michael Kopech,,2024-06-01 - Chicago White Sox (3) @ Milwaukee Brewers (4) (Final)
746870,2024-06-01T23:15:00Z,2024-06-01,R,Final,Cincinnati Reds,Chicago Cubs,113,112,N,1,Justin Steele,Hunter Greene,,,5,7,9,Top,17,Wrigley Field,['FOX'],CHC leads 1-0,Chicago Cubs,Cincinnati Reds,Mark Leiter Jr.,Lucas Sims,Héctor Neris,2024-06-01 - Cincinnati Reds (5) @ Chicago Cubs (7) (Final)
745251,2024-06-01T23:15:00Z,2024-06-01,R,Final,Los Angeles Angels,Seattle Mariners,108,136,N,1,Bryce Miller,Reid Detmers,,,0,9,9,Top,680,T-Mobile Park,['FOX'],SEA wins 2-0,Seattle Mariners,Los Angeles Angels,Bryce Miller,Reid Detmers,,2024-06-01 - Los Angeles Angels (0) @ Seattle Mariners (9) (Final)
745575,2024-06-01T23:15:00Z,2024-06-01,R,Final,St. Louis Cardinals,Philadelphia Phillies,138,143,N,1,Ranger Suárez,Sonny Gray,,,1,6,9,Top,2681,Citizens Bank Park,['FOX'],PHI wins 2-0,Philadelphia Phillies,St. Louis Cardinals,Spencer Turnbull,Sonny Gray,,2024-06-01 - St. Louis Cardinals (1) @ Philadelphia Phillies (6) (Final)
745332,2024-06-02T02:05:00Z,2024-06-01,R,Final,New York Yankees,San Francisco Giants,147,137,N,1,Logan Webb,Cody Poteet,,,7,3,9,Bottom,2395,Oracle Park,['MLBN (out-of-market only)'],NYY wins 2-0,New York Yankees,San Francisco Giants,Cody Poteet,Logan Webb,,2024-06-01 - New York Yankees (7) @ San Francisco Giants (3) (Final)
746138,2024-06-02T02:10:00Z,2024-06-01,R,Final,Colorado Rockies,Los Angeles Dodgers,115,119,N,1,Yoshinobu Yamamoto,Cal Quantrill,,,1,4,9,Top,22,Dodger Stadium,['MLBN (out-of-market only)'],Series tied 1-1,Los Angeles Dodgers,Colorado Rockies,Yoshinobu Yamamoto,Cal Quantrill,Evan Phillips,2024-06-01 - Colorado Rockies (1) @ Los Angeles Dodgers (4) (Final)
746383,2024-06-02T17:05:00Z,2024-06-02,R,Final,Minnesota Twins,Houston Astros,142,117,N,1,Hunter Brown,Simeon Woods Richardson,,,4,3,9,Bottom,2392,Minute Maid Park,['Roku'],MIN wins 2-1,Minnesota Twins,Houston Astros,Steven Okert,Ryan Pressly,Jhoan Duran,2024-06-02 - Minnesota Twins (4) @ Houston Astros (3) (Final)
746953,2024-06-02T17:35:00Z,2024-06-02,R,Final,Detroit Tigers,Boston Red Sox,116,111,N,1,Brayan Bello,Casey Mize,,,8,4,10,Bottom,3,Fenway Park,[],Series tied 2-2,Detroit Tigers,Boston Red Sox,Andrew Chafin,Cam Booser,,2024-06-02 - Detroit Tigers (8) @ Boston Red Sox (4) (Final)
747030,2024-06-02T17:35:00Z,2024-06-02,R,Final,Tampa Bay Rays,Baltimore Orioles,139,110,N,1,Cole Irvin,Zack Littell,,,4,3,9,Bottom,2,Oriole Park at Camden Yards,[],BAL wins 2-1,Tampa Bay Rays,Baltimore Orioles,Shawn Armstrong,Dillon Tate,Pete Fairbanks,2024-06-02 - Tampa Bay Rays (4) @ Baltimore Orioles (3) (Final)
747110,2024-06-02T17:35:00Z,2024-06-02,R,Final,Oakland Athletics,Atlanta Braves,133,144,N,1,Charlie Morton,Luis Medina,,,1,3,9,Top,4705,Truist Park,[],ATL wins 2-1,Atlanta Braves,Oakland Athletics,Dylan Lee,Austin Adams,Raisel Iglesias,2024-06-02 - Oakland Athletics (1) @ Atlanta Braves (3) (Final)
744929,2024-06-02T17:37:00Z,2024-06-02,R,Final,Pittsburgh Pirates,Toronto Blue Jays,134,141,N,1,Chris Bassitt,Quinn Priester,,,4,5,9,Top,14,Rogers Centre,[],TOR wins 2-1,Toronto Blue Jays,Pittsburgh Pirates,Chris Bassitt,Quinn Priester,Yimi García,2024-06-02 - Pittsburgh Pirates (4) @ Toronto Blue Jays (5) (Final)
746632,2024-06-02T17:40:00Z,2024-06-02,R,Final,Washington Nationals,Cleveland Guardians,120,114,N,1,Carlos Carrasco,Jake Irvin,,,5,2,9,Bottom,5,Progressive Field,[],CLE wins 2-1,Washington Nationals,Cleveland Guardians,Jake Irvin,Carlos Carrasco,Kyle Finnegan,2024-06-02 - Washington Nationals (5) @ Cleveland Guardians (2) (Final)
745813,2024-06-02T17:40:00Z,2024-06-02,R,Final,Arizona Diamondbacks,New York Mets,109,121,N,1,Jose Quintana,Brandon Pfaadt,,,5,4,9,Bottom,3289,Citi Field,[],Series tied 2-2,Arizona Diamondbacks,New York Mets,Justin Martinez,Jake Diekman,Paul Sewald,2024-06-02 - Arizona Diamondbacks (5) @ New York Mets (4) (Final)
746061,2024-06-02T17:40:00Z,2024-06-02,R,Final,Texas Rangers,Miami Marlins,140,146,N,1,Trevor Rogers,Andrew Heaney,,,6,0,9,Bottom,4169,loanDepot park,['MLBN (out-of-market only)'],TEX wins 2-1,Texas Rangers,Miami Marlins,Andrew Heaney,Trevor Rogers,,2024-06-02 - Texas Rangers (6) @ Miami Marlins (0) (Final)
746301,2024-06-02T18:10:00Z,2024-06-02,R,Final,San Diego Padres,Kansas City Royals,135,118,N,1,Cole Ragans,Michael King,,,3,4,9,Bottom,7,Kauffman Stadium,[],SD wins 2-1,Kansas City Royals,San Diego Padres,Will Klein,Yuki Matsui,,2024-06-02 - San Diego Padres (3) @ Kansas City Royals (4) (Final)
745984,2024-06-02T18:10:00Z,2024-06-02,R,Final,Chicago White Sox,Milwaukee Brewers,145,158,N,1,Freddy Peralta,Nick Nastrini,,,3,6,9,Top,32,American Family Field,[],MIL wins 3-0,Milwaukee Brewers,Chicago White Sox,Freddy Peralta,Nick Nastrini,Enoli Paredes,2024-06-02 - Chicago White Sox (3) @ Milwaukee Brewers (6) (Final)
746871,2024-06-02T18:20:00Z,2024-06-02,R,Final,Cincinnati Reds,Chicago Cubs,113,112,N,1,Ben Brown,Nick Lodolo,,,5,2,9,Bottom,17,Wrigley Field,[],CIN wins 2-1,Cincinnati Reds,Chicago Cubs,Nick Lodolo,Ben Brown,Alexis Díaz,2024-06-02 - Cincinnati Reds (5) @ Chicago Cubs (2) (Final)
745330,2024-06-02T20:05:00Z,2024-06-02,R,Final,New York Yankees,San Francisco Giants,147,137,N,1,Blake Snell,Nestor Cortes,,,7,5,9,Bottom,2395,Oracle Park,['MLB.tv Free Game'],NYY wins 3-0,New York Yankees,San Francisco Giants,Michael Tonkin,Camilo Doval,Clay Holmes,2024-06-02 - New York Yankees (7) @ San Francisco Giants (5) (Final)
746141,2024-06-02T20:10:00Z,2024-06-02,R,Final,Colorado Rockies,Los Angeles Dodgers,115,119,N,1,Gavin Stone,Austin Gomber,,,0,4,9,Top,22,Dodger Stadium,[],LAD wins 2-1,Los Angeles Dodgers,Colorado Rockies,Gavin Stone,Austin Gomber,,2024-06-02 - Colorado Rockies (0) @ Los Angeles Dodgers (4) (Final)
745252,2024-06-02T20:10:00Z,2024-06-02,R,Final,Los Angeles Angels,Seattle Mariners,108,136,N,1,Luis Castillo,Griffin Canning,,,1,5,9,Top,680,T-Mobile Park,['MLBN (out-of-market only)'],SEA wins 3-0,Seattle Mariners,Los Angeles Angels,Luis Castillo,Griffin Canning,,2024-06-02 - Los Angeles Angels (1) @ Seattle Mariners (5) (Final)
745572,2024-06-02T23:10:00Z,2024-06-02,R,Final,St. Louis Cardinals,Philadelphia Phillies,138,143,N,1,Taijuan Walker,Lance Lynn,,,5,4,10,Bottom,2681,Citizens Bank Park,['ESPN'],PHI wins 2-1,St. Louis Cardinals,Philadelphia Phillies,John King,Gregory Soto,Ryan Helsley,2024-06-02 - St. Louis Cardinals (5) @ Philadelphia Phillies (4) (Final)
745569,2024-06-03T22:40:00Z,2024-06-03,R,Final,Milwaukee Brewers,Philadelphia Phillies,158,143,N,1,Zack Wheeler,Jared Koenig,,,1,3,9,Top,2681,Citizens Bank Park,['MLBN (out-of-market only)'],PHI leads 1-0,Philadelphia Phillies,Milwaukee Brewers,Zack Wheeler,Bryse Wilson,José Alvarado,2024-06-03 - Milwaukee Brewers (1) @ Philadelphia Phillies (3) (Final)
744854,2024-06-03T22:45:00Z,2024-06-03,R,Final,New York Mets,Washington Nationals,121,120,N,1,MacKenzie Gore,Tylor Megill,,,8,7,9,Bottom,3309,Nationals Park,"['MLBN (out-of-market only)', 'MLB.tv Free Game']",NYM leads 1-0,New York Mets,Washington Nationals,Tylor Megill,MacKenzie Gore,Jake Diekman,2024-06-03 - New York Mets (8) @ Washington Nationals (7) (Final)
744930,2024-06-03T23:07:00Z,2024-06-03,R,Final,Baltimore Orioles,Toronto Blue Jays,110,141,N,1,Kevin Gausman,Grayson Rodriguez,,,7,2,9,Bottom,14,Rogers Centre,[],BAL leads 1-0,Baltimore Orioles,Toronto Blue Jays,Grayson Rodriguez,Kevin Gausman,,2024-06-03 - Baltimore Orioles (7) @ Toronto Blue Jays (2) (Final)
745009,2024-06-04T00:05:00Z,2024-06-03,R,Final,Detroit Tigers,Texas Rangers,116,140,N,1,Nathan Eovaldi,Tarik Skubal,,,2,1,9,Bottom,5325,Globe Life Field,[],DET leads 1-0,Detroit Tigers,Texas Rangers,Beau Brieske,José Leclerc,,2024-06-03 - Detroit Tigers (2) @ Texas Rangers (1) (Final)
746382,2024-06-04T00:10:00Z,2024-06-03,R,Final,St. Louis Cardinals,Houston Astros,138,117,N,1,Justin Verlander,Kyle Gibson,,,4,7,9,Top,2392,Minute Maid Park,[],HOU leads 1-0,Houston Astros,St. Louis Cardinals,Rafael Montero,JoJo Romero,Josh Hader,2024-06-03 - St. Louis Cardinals (4) @ Houston Astros (7) (Final)
746548,2024-06-04T00:40:00Z,2024-06-03,R,Final,Cincinnati Reds,Colorado Rockies,113,115,N,1,Ryan Feltner,Andrew Abbott,,,13,3,9,Bottom,19,Coors Field,[],CIN leads 1-0,Cincinnati Reds,Colorado Rockies,Andrew Abbott,Ryan Feltner,,2024-06-03 - Cincinnati Reds (13) @ Colorado Rockies (3) (Final)
746224,2024-06-04T01:38:00Z,2024-06-03,R,Final,San Diego Padres,Los Angeles Angels,135,108,N,1,Tyler Anderson,Matt Waldron,,,1,2,9,Top,1,Angel Stadium,[],LAA leads 1-0,Los Angeles Angels,San Diego Padres,Hunter Strickland,Adrian Morejon,Carlos Estévez,2024-06-03 - San Diego Padres (1) @ Los Angeles Angels (2) (Final)
747194,2024-06-04T01:40:00Z,2024-06-03,R,Final,San Francisco Giants,Arizona Diamondbacks,137,109,N,1,Ryne Nelson,Erik Miller,,,2,4,9,Bottom,15,Chase Field,['FS1'],AZ leads 1-0,Arizona Diamondbacks,San Francisco Giants,Ryan Thompson,Randy Rodríguez,,2024-06-03 - San Francisco Giants (2) @ Arizona Diamondbacks (4) (Final)
746630,2024-06-04T22:40:00Z,2024-06-04,R,Final,Kansas City Royals,Cleveland Guardians,118,114,N,1,Triston McKenzie,Seth Lugo,,,5,8,9,Top,5,Progressive Field,[],CLE leads 1-0,Cleveland Guardians,Kansas City Royals,Cade Smith,Sam Long,Emmanuel Clase,2024-06-04 - Kansas City Royals (5) @ Cleveland Guardians (8) (Final)
745497,2024-06-04T22:40:00Z,2024-06-04,R,Final,Los Angeles Dodgers,Pittsburgh Pirates,119,134,N,1,Jared Jones,Tyler Glasnow,,,0,1,9,Top,31,PNC Park,[],PIT leads 1-0,Pittsburgh Pirates,Los Angeles Dodgers,Jared Jones,Tyler Glasnow,David Bednar,2024-06-04 - Los Angeles Dodgers (0) @ Pittsburgh Pirates (1) (Final)
746060,2024-06-04T22:40:00Z,2024-06-04,R,Final,Tampa Bay Rays,Miami Marlins,139,146,N,1,Jesús Luzardo,Ryan Pepiot,,,9,5,9,Bottom,4169,loanDepot park,[],TB leads 1-0,Tampa Bay Rays,Miami Marlins,Ryan Pepiot,Jesús Luzardo,Pete Fairbanks,2024-06-04 - Tampa Bay Rays (9) @ Miami Marlins (5) (Final)
745568,2024-06-04T22:40:00Z,2024-06-04,R,Final,Milwaukee Brewers,Philadelphia Phillies,158,143,N,1,Cristopher Sánchez,Jared Koenig,,,1,2,10,Bottom,2681,Citizens Bank Park,[],PHI wins 2-0,Philadelphia Phillies,Milwaukee Brewers,Seranthony Domínguez,Joel Payamps,,2024-06-04 - Milwaukee Brewers (1) @ Philadelphia Phillies (2) (Final)
744850,2024-06-04T22:45:00Z,2024-06-04,R,Final,New York Mets,Washington Nationals,121,120,N,1,DJ Herz,David Peterson,,,6,3,9,Bottom,3309,Nationals Park,[],NYM wins 2-0,New York Mets,Washington Nationals,David Peterson,DJ Herz,,2024-06-04 - New York Mets (6) @ Washington Nationals (3) (Final)
745739,2024-06-04T23:05:00Z,2024-06-04,R,Final,Minnesota Twins,New York Yankees,142,147,N,1,Luis Gil,Bailey Ober,,,1,5,9,Top,3313,Yankee Stadium,['TBS'],NYY leads 1-0,New York Yankees,Minnesota Twins,Luis Gil,Bailey Ober,,2024-06-04 - Minnesota Twins (1) @ New York Yankees (5) (Final)
744931,2024-06-04T23:07:00Z,2024-06-04,R,Final,Baltimore Orioles,Toronto Blue Jays,110,141,N,1,Trevor Richards,Corbin Burnes,,,10,1,9,Bottom,14,Rogers Centre,[],BAL leads 2-0,Baltimore Orioles,Toronto Blue Jays,Corbin Burnes,Génesis Cabrera,,2024-06-04 - Baltimore Orioles (10) @ Toronto Blue Jays (1) (Final)
746949,2024-06-04T23:10:00Z,2024-06-04,R,Final,Atlanta Braves,Boston Red Sox,144,111,N,1,Kutter Crawford,Max Fried,,,8,3,9,Bottom,3,Fenway Park,[],ATL leads 1-0,Atlanta Braves,Boston Red Sox,Max Fried,Kutter Crawford,,2024-06-04 - Atlanta Braves (8) @ Boston Red Sox (3) (Final)
745010,2024-06-05T00:05:00Z,2024-06-04,R,Final,Detroit Tigers,Texas Rangers,116,140,N,1,Dane Dunning,Jack Flaherty,,,3,1,9,Bottom,5325,Globe Life Field,[],DET wins 2-0,Detroit Tigers,Texas Rangers,Jack Flaherty,Dane Dunning,Jason Foley,2024-06-04 - Detroit Tigers (3) @ Texas Rangers (1) (Final)
746872,2024-06-05T00:05:00Z,2024-06-04,R,Final,Chicago White Sox,Chicago Cubs,145,112,N,1,Shota Imanaga,Chris Flexen,,,6,7,9,Top,17,Wrigley Field,[],CHC leads 1-0,Chicago Cubs,Chicago White Sox,Luke Little,Jordan Leasure,Héctor Neris,2024-06-04 - Chicago White Sox (6) @ Chicago Cubs (7) (Final)
746380,2024-06-05T00:10:00Z,2024-06-04,R,Final,St. Louis Cardinals,Houston Astros,138,117,N,1,Spencer Arrighetti,Andre Pallante,,,5,8,9,Top,2392,Minute Maid Park,[],HOU wins 2-0,Houston Astros,St. Louis Cardinals,Tayler Scott,Andre Pallante,Ryan Pressly,2024-06-04 - St. Louis Cardinals (5) @ Houston Astros (8) (Final)
746550,2024-06-05T00:40:00Z,2024-06-04,R,Final,Cincinnati Reds,Colorado Rockies,113,115,N,1,Ty Blach,Frankie Montas,,,4,1,9,Bottom,19,Coors Field,[],CIN wins 2-0,Cincinnati Reds,Colorado Rockies,Frankie Montas,Ty Blach,,2024-06-04 - Cincinnati Reds (4) @ Colorado Rockies (1) (Final)
746222,2024-06-05T01:38:00Z,2024-06-04,R,Final,San Diego Padres,Los Angeles Angels,135,108,N,1,Patrick Sandoval,Adam Mazur,,,2,4,9,Top,1,Angel Stadium,['MLBN (out-of-market only)'],LAA wins 2-0,Los Angeles Angels,San Diego Padres,Matt Moore,Yuki Matsui,Carlos Estévez,2024-06-04 - San Diego Padres (2) @ Los Angeles Angels (4) (Final)
745656,2024-06-05T01:40:00Z,2024-06-04,R,Final,Seattle Mariners,Oakland Athletics,136,133,N,1,Mitch Spence,George Kirby,,,4,3,9,Bottom,10,Oakland Coliseum,['MLB.tv Free Game'],SEA leads 1-0,Seattle Mariners,Oakland Athletics,George Kirby,Mitch Spence,Tayler Saucedo,2024-06-04 - Seattle Mariners (4) @ Oakland Athletics (3) (Final)
747196,2024-06-05T01:40:00Z,2024-06-04,R,Final,San Francisco Giants,Arizona Diamondbacks,137,109,N,1,Blake Walston,Kyle Harrison,,,5,8,9,Top,15,Chase Field,['MLBN (out-of-market only)'],AZ wins 2-0,Arizona Diamondbacks,San Francisco Giants,Kevin Ginkel,Kyle Harrison,Paul Sewald,2024-06-04 - San Francisco Giants (5) @ Arizona Diamondbacks (8) (Final)
746950,2024-06-05T17:35:00Z,2024-06-05,R,Final,Atlanta Braves,Boston Red Sox,144,111,N,1,Nick Pivetta,Spencer Schwellenbach,,,0,9,9,Top,3,Fenway Park,['MLBN (out-of-market only)'],Series tied 1-1,Boston Red Sox,Atlanta Braves,Nick Pivetta,Spencer Schwellenbach,,2024-06-05 - Atlanta Braves (0) @ Boston Red Sox (9) (Final)
746379,2024-06-05T18:10:00Z,2024-06-05,R,Final,St. Louis Cardinals,Houston Astros,138,117,N,1,Ronel Blanco,Miles Mikolas,,,4,2,9,Bottom,2392,Minute Maid Park,['MLBN (out-of-market only)'],HOU wins 2-1,St. Louis Cardinals,Houston Astros,Miles Mikolas,Ronel Blanco,Ryan Helsley,2024-06-05 - St. Louis Cardinals (4) @ Houston Astros (2) (Final)
746544,2024-06-05T19:10:00Z,2024-06-05,R,Final,Cincinnati Reds,Colorado Rockies,113,115,N,1,Dakota Hudson,Graham Ashcraft,,,12,7,9,Bottom,19,Coors Field,[],CIN wins 3-0,Cincinnati Reds,Colorado Rockies,Fernando Cruz,Jalen Beeks,,2024-06-05 - Cincinnati Reds (12) @ Colorado Rockies (7) (Final)
747195,2024-06-05T19:40:00Z,2024-06-05,R,Final,San Francisco Giants,Arizona Diamondbacks,137,109,N,1,Jordan Montgomery,Jordan Hicks,,,9,3,9,Bottom,15,Chase Field,['MLBN (out-of-market only)'],AZ wins 2-1,San Francisco Giants,Arizona Diamondbacks,Sean Hjelle,Jordan Montgomery,,2024-06-05 - San Francisco Giants (9) @ Arizona Diamondbacks (3) (Final)
744852,2024-06-05T20:05:00Z,2024-06-05,R,Final,New York Mets,Washington Nationals,121,120,N,1,Patrick Corbin,Luis Severino,,,9,1,9,Bottom,3309,Nationals Park,[],NYM wins 3-0,New York Mets,Washington Nationals,Luis Severino,Patrick Corbin,,2024-06-05 - New York Mets (9) @ Washington Nationals (1) (Final)
745570,2024-06-05T20:05:00Z,2024-06-05,R,Final,Milwaukee Brewers,Philadelphia Phillies,158,143,N,1,Aaron Nola,Aaron Ashby,,,0,2,9,Top,2681,Citizens Bank Park,['MLB.tv Free Game'],PHI wins 3-0,Philadelphia Phillies,Milwaukee Brewers,Aaron Nola,Aaron Ashby,José Alvarado,2024-06-05 - Milwaukee Brewers (0) @ Philadelphia Phillies (2) (Final)
745494,2024-06-05T22:40:00Z,2024-06-05,R,Final,Los Angeles Dodgers,Pittsburgh Pirates,119,134,N,1,Paul Skenes,James Paxton,,,6,10,9,Top,31,PNC Park,['MLBN (out-of-market only)'],PIT wins 2-0,Pittsburgh Pirates,Los Angeles Dodgers,Paul Skenes,James Paxton,,2024-06-05 - Los Angeles Dodgers (6) @ Pittsburgh Pirates (10) (Final)
746056,2024-06-05T22:40:00Z,2024-06-05,R,Final,Tampa Bay Rays,Miami Marlins,139,146,N,1,Braxton Garrett,Zach Eflin,,,5,3,9,Bottom,4169,loanDepot park,['MLBN (out-of-market only)'],TB wins 2-0,Tampa Bay Rays,Miami Marlins,Richard Lovelady,Braxton Garrett,Pete Fairbanks,2024-06-05 - Tampa Bay Rays (5) @ Miami Marlins (3) (Final)
745740,2024-06-05T23:05:00Z,2024-06-05,R,Final,Minnesota Twins,New York Yankees,142,147,N,1,Carlos Rodón,Chris Paddack,,,5,9,9,Top,3313,Yankee Stadium,[],NYY wins 2-0,New York Yankees,Minnesota Twins,Carlos Rodón,Chris Paddack,,2024-06-05 - Minnesota Twins (5) @ New York Yankees (9) (Final)
744927,2024-06-05T23:07:00Z,2024-06-05,R,Final,Baltimore Orioles,Toronto Blue Jays,110,141,N,1,José Berríos,Albert Suárez,,,2,3,9,Bottom,14,Rogers Centre,[],BAL leads 2-1,Toronto Blue Jays,Baltimore Orioles,Yimi García,Craig Kimbrel,,2024-06-05 - Baltimore Orioles (2) @ Toronto Blue Jays (3) (Final)
745007,2024-06-06T00:05:00Z,2024-06-05,R,Final,Detroit Tigers,Texas Rangers,116,140,N,1,José Ureña,Kenta Maeda,,,1,9,9,Top,5325,Globe Life Field,[],DET wins 2-1,Texas Rangers,Detroit Tigers,José Ureña,Joey Wentz,,2024-06-05 - Detroit Tigers (1) @ Texas Rangers (9) (Final)
746873,2024-06-06T00:05:00Z,2024-06-05,R,Final,Chicago White Sox,Chicago Cubs,145,112,N,1,Jameson Taillon,Erick Fedde,,,6,7,9,Bottom,17,Wrigley Field,[],CHC wins 2-0,Chicago Cubs,Chicago White Sox,Héctor Neris,Michael Kopech,,2024-06-05 - Chicago White Sox (6) @ Chicago Cubs (7) (Final)
746221,2024-06-06T01:38:00Z,2024-06-05,R,Final,San Diego Padres,Los Angeles Angels,135,108,N,1,José Soriano,Dylan Cease,,,2,3,9,Top,1,Angel Stadium,['FS1'],LAA wins 3-0,Los Angeles Angels,San Diego Padres,José Soriano,Dylan Cease,Matt Moore,2024-06-05 - San Diego Padres (2) @ Los Angeles Angels (3) (Final)
745654,2024-06-06T01:40:00Z,2024-06-05,R,Final,Seattle Mariners,Oakland Athletics,136,133,N,1,Joey Estes,Logan Gilbert,,,1,2,9,Top,10,Oakland Coliseum,[],Series tied 1-1,Oakland Athletics,Seattle Mariners,Joey Estes,Logan Gilbert,Mason Miller,2024-06-05 - Seattle Mariners (1) @ Oakland Athletics (2) (Final)
746628,2024-06-05T22:40:00Z,2024-06-05,R,Postponed,Kansas City Royals,Cleveland Guardians,118,114,N,1,Nick Sandlin,Brady Singer,,,0,0,,,5,Progressive Field,[],KC leads 1-0,,,,,,2024-06-05 - Kansas City Royals @ Cleveland Guardians (Postponed)
744923,2024-06-06T17:07:00Z,2024-06-06,R,Final,Baltimore Orioles,Toronto Blue Jays,110,141,N,1,Yusei Kikuchi,Cade Povich,,,5,6,9,Top,14,Rogers Centre,['MLBN (out-of-market only)'],Series tied 2-2,Toronto Blue Jays,Baltimore Orioles,Yusei Kikuchi,Cade Povich,Yimi García,2024-06-06 - Baltimore Orioles (5) @ Toronto Blue Jays (6) (Final)
746631,2024-06-06T17:10:00Z,2024-06-06,R,Final,Kansas City Royals,Cleveland Guardians,118,114,N,1,Tanner Bibee,Brady Singer,,,4,3,9,Bottom,5,Progressive Field,"['ESPN+', 'MLBN (out-of-market only)']",Series tied 1-1,Kansas City Royals,Cleveland Guardians,Sam Long,Hunter Gaddis,James McArthur,2024-06-06 - Kansas City Royals (4) @ Cleveland Guardians (3) (Final)
745657,2024-06-06T19:37:00Z,2024-06-06,R,Final,Seattle Mariners,Oakland Athletics,136,133,N,1,JP Sears,Bryan Woo,,,3,0,9,Bottom,10,Oakland Coliseum,[],SEA wins 2-1,Seattle Mariners,Oakland Athletics,Bryan Woo,JP Sears,Ryne Stanek,2024-06-06 - Seattle Mariners (3) @ Oakland Athletics (0) (Final)
745495,2024-06-06T22:40:00Z,2024-06-06,R,Final,Los Angeles Dodgers,Pittsburgh Pirates,119,134,N,1,Bailey Falter,Walker Buehler,,,11,7,9,Bottom,31,PNC Park,[],PIT wins 2-1,Los Angeles Dodgers,Pittsburgh Pirates,Michael Grove,Bailey Falter,,2024-06-06 - Los Angeles Dodgers (11) @ Pittsburgh Pirates (7) (Final)
744844,2024-06-06T22:45:00Z,2024-06-06,R,Final,Atlanta Braves,Washington Nationals,144,120,N,1,Mitchell Parker,Reynaldo López,,,5,2,9,Bottom,3309,Nationals Park,['MLB.tv Free Game'],ATL leads 1-0,Atlanta Braves,Washington Nationals,Aaron Bummer,Hunter Harvey,Raisel Iglesias,2024-06-06 - Atlanta Braves (5) @ Washington Nationals (2) (Final)
745738,2024-06-06T23:05:00Z,2024-06-06,R,Final,Minnesota Twins,New York Yankees,142,147,N,1,Marcus Stroman,Pablo López,,,5,8,9,Top,3313,Yankee Stadium,['MLBN (out-of-market only)'],NYY wins 3-0,New York Yankees,Minnesota Twins,Luke Weaver,Pablo López,Clay Holmes,2024-06-06 - Minnesota Twins (5) @ New York Yankees (8) (Final)
746707,2024-06-06T23:10:00Z,2024-06-06,R,Final,Chicago Cubs,Cincinnati Reds,112,113,N,1,Hunter Greene,Javier Assad,,,4,8,9,Top,2602,Great American Ball Park,['MLBN (out-of-market only)'],CIN leads 1-0,Cincinnati Reds,Chicago Cubs,Hunter Greene,Javier Assad,,2024-06-06 - Chicago Cubs (4) @ Cincinnati Reds (8) (Final)
745174,2024-06-06T23:45:00Z,2024-06-06,R,Final,Colorado Rockies,St. Louis Cardinals,115,138,N,1,Sonny Gray,Cal Quantrill,,,3,2,9,Bottom,2889,Busch Stadium,[],COL leads 1-0,Colorado Rockies,St. Louis Cardinals,Cal Quantrill,Sonny Gray,Tyler Kinley,2024-06-06 - Colorado Rockies (3) @ St. Louis Cardinals (2) (Final)
746784,2024-06-07T00:10:00Z,2024-06-06,R,Final,Boston Red Sox,Chicago White Sox,111,145,N,1,Jake Woodford,Tanner Houck,,,14,2,9,Bottom,4,Guaranteed Rate Field,[],BOS leads 1-0,Boston Red Sox,Chicago White Sox,Tanner Houck,Jake Woodford,,2024-06-06 - Boston Red Sox (14) @ Chicago White Sox (2) (Final)
745408,2024-06-07T01:40:00Z,2024-06-06,R,Final,Arizona Diamondbacks,San Diego Padres,109,135,N,1,Randy Vásquez,Slade Cecconi,,,4,3,9,Bottom,2680,Petco Park,[],AZ leads 1-0,Arizona Diamondbacks,San Diego Padres,Kevin Ginkel,Jeremiah Estrada,Paul Sewald,2024-06-06 - Arizona Diamondbacks (4) @ San Diego Padres (3) (Final)
745169,2024-06-07T18:15:00Z,2024-06-07,R,Final,Colorado Rockies,St. Louis Cardinals,115,138,N,1,Lance Lynn,Austin Gomber,,,5,8,9,Top,2889,Busch Stadium,[],Series tied 1-1,St. Louis Cardinals,Colorado Rockies,JoJo Romero,Matt Carasiti,Ryan Helsley,2024-06-07 - Colorado Rockies (5) @ St. Louis Cardinals (8) (Final)
745496,2024-06-07T22:40:00Z,2024-06-07,R,Final,Minnesota Twins,Pittsburgh Pirates,142,134,N,1,Mitch Keller,Joe Ryan,,,0,3,9,Top,31,PNC Park,['Apple TV+'],PIT leads 1-0,Pittsburgh Pirates,Minnesota Twins,Mitch Keller,Joe Ryan,David Bednar,2024-06-07 - Minnesota Twins (0) @ Pittsburgh Pirates (3) (Final)
746466,2024-06-07T22:40:00Z,2024-06-07,R,Final,Milwaukee Brewers,Detroit Tigers,158,116,N,1,Reese Olson,Tobias Myers,,,10,0,9,Bottom,2394,Comerica Park,[],MIL leads 1-0,Milwaukee Brewers,Detroit Tigers,Tobias Myers,Reese Olson,,2024-06-07 - Milwaukee Brewers (10) @ Detroit Tigers (0) (Final)
744845,2024-06-07T22:45:00Z,2024-06-07,R,Final,Atlanta Braves,Washington Nationals,144,120,N,1,Jake Irvin,Chris Sale,,,1,2,9,Top,3309,Nationals Park,[],Series tied 1-1,Washington Nationals,Atlanta Braves,Jake Irvin,Chris Sale,Kyle Finnegan,2024-06-07 - Atlanta Braves (1) @ Washington Nationals (2) (Final)
745083,2024-06-07T22:50:00Z,2024-06-07,R,Final,Baltimore Orioles,Tampa Bay Rays,110,139,N,1,Aaron Civale,Cole Irvin,,,6,3,9,Bottom,12,Tropicana Field,[],BAL leads 1-0,Baltimore Orioles,Tampa Bay Rays,Cole Irvin,Aaron Civale,Craig Kimbrel,2024-06-07 - Baltimore Orioles (6) @ Tampa Bay Rays (3) (Final)
745737,2024-06-07T23:05:00Z,2024-06-07,R,Final,Los Angeles Dodgers,New York Yankees,119,147,N,1,Cody Poteet,Yoshinobu Yamamoto,,,2,1,11,Bottom,3313,Yankee Stadium,['Apple TV+'],LAD leads 1-0,Los Angeles Dodgers,New York Yankees,Michael Grove,Ian Hamilton,Yohan Ramírez,2024-06-07 - Los Angeles Dodgers (2) @ New York Yankees (1) (Final)
746704,2024-06-07T23:10:00Z,2024-06-07,R,Final,Chicago Cubs,Cincinnati Reds,112,113,N,1,Nick Lodolo,Justin Steele,,,2,3,9,Top,2602,Great American Ball Park,[],CIN leads 2-0,Cincinnati Reds,Chicago Cubs,Nick Lodolo,Justin Steele,Alexis Díaz,2024-06-07 - Chicago Cubs (2) @ Cincinnati Reds (3) (Final)
746053,2024-06-07T23:10:00Z,2024-06-07,R,Final,Cleveland Guardians,Miami Marlins,114,146,N,1,Ryan Weathers,Logan Allen,,,2,3,9,Top,4169,loanDepot park,[],MIA leads 1-0,Miami Marlins,Cleveland Guardians,Tanner Scott,Cade Smith,,2024-06-07 - Cleveland Guardians (2) @ Miami Marlins (3) (Final)
745008,2024-06-08T00:05:00Z,2024-06-07,R,Final,San Francisco Giants,Texas Rangers,137,140,N,1,Michael Lorenzen,Logan Webb,,,5,2,9,Bottom,5325,Globe Life Field,['MLBN (out-of-market only)'],SF leads 1-0,San Francisco Giants,Texas Rangers,Logan Webb,David Robertson,Camilo Doval,2024-06-07 - San Francisco Giants (5) @ Texas Rangers (2) (Final)
746302,2024-06-08T00:10:00Z,2024-06-07,R,Final,Seattle Mariners,Kansas City Royals,136,118,N,1,Daniel Lynch IV,Bryce Miller,,,9,10,9,Bottom,7,Kauffman Stadium,[],KC leads 1-0,Kansas City Royals,Seattle Mariners,Nick Anderson,Ryne Stanek,,2024-06-07 - Seattle Mariners (9) @ Kansas City Royals (10) (Final)
746785,2024-06-08T00:10:00Z,2024-06-07,R,Final,Boston Red Sox,Chicago White Sox,111,145,N,1,Garrett Crochet,Cooper Criswell,,,2,7,9,Top,4,Guaranteed Rate Field,"['MLBN (out-of-market only)', 'MLB.tv Free Game']",Series tied 1-1,Chicago White Sox,Boston Red Sox,Garrett Crochet,Cooper Criswell,Jonathan Cannon,2024-06-07 - Boston Red Sox (2) @ Chicago White Sox (7) (Final)
746220,2024-06-08T01:38:00Z,2024-06-07,R,Final,Houston Astros,Los Angeles Angels,117,108,N,1,Griffin Canning,Framber Valdez,,,7,1,9,Bottom,1,Angel Stadium,[],HOU leads 1-0,Houston Astros,Los Angeles Angels,Framber Valdez,Griffin Canning,,2024-06-07 - Houston Astros (7) @ Los Angeles Angels (1) (Final)
745406,2024-06-08T01:40:00Z,2024-06-07,R,Final,Arizona Diamondbacks,San Diego Padres,109,135,N,1,Michael King,Brandon Pfaadt,,,3,10,9,Top,2680,Petco Park,[],Series tied 1-1,San Diego Padres,Arizona Diamondbacks,Michael King,Brandon Pfaadt,,2024-06-07 - Arizona Diamondbacks (3) @ San Diego Padres (10) (Final)
745655,2024-06-08T01:40:00Z,2024-06-07,R,Final,Toronto Blue Jays,Oakland Athletics,141,133,N,1,Hogan Harris,Chris Bassitt,,,1,2,9,Bottom,10,Oakland Coliseum,[],OAK leads 1-0,Oakland Athletics,Toronto Blue Jays,Mason Miller,Chad Green,,2024-06-07 - Toronto Blue Jays (1) @ Oakland Athletics (2) (Final)
